dataset_name,algorithm,use_asymmetric_transformation,efSearch,recall,queries_per_sec
yi-128-ip,hnsw-hnswlib,FALSE,10,7.90%,29154.6
yi-128-ip,hnsw-hnswlib,FALSE,20,13.20%,12800.2
yi-128-ip,hnsw-hnswlib,FALSE,30,16.60%,8833.7
yi-128-ip,hnsw-hnswlib,FALSE,40,18.80%,6918.5
yi-128-ip,hnsw-hnswlib,FALSE,50,20.90%,5808.2
yi-128-ip,hnsw-hnswlib,FALSE,60,22.50%,5130.0
yi-128-ip,hnsw-hnswlib,FALSE,80,25.20%,4093.9
yi-128-ip,hnsw-hnswlib,FALSE,100,27.20%,3499.3
yi-128-ip,hnsw-hnswlib,FALSE,150,30.90%,2601.8
yi-128-ip,hnsw-hnswlib,FALSE,200,32.90%,2114.7
yi-128-ip,hnsw-hnswlib,FALSE,300,35.30%,1543.4
yi-128-ip,hnsw-hnswlib,FALSE,400,37.60%,1213.6
yi-128-ip,hnsw-hnswlib,FALSE,500,39.10%,1054.2
yi-128-ip,hnsw-hnswlib,FALSE,600,40.10%,1064.9
yi-128-ip,hnsw-hnswlib,FALSE,800,41.70%,831.8
yi-128-ip,hnsw-hnswlib,FALSE,1000,43.00%,680.5
llama-128-ip,hnsw-hnswlib,FALSE,10,2.50%,30545.8
llama-128-ip,hnsw-hnswlib,FALSE,20,3.70%,17709.1
llama-128-ip,hnsw-hnswlib,FALSE,30,4.60%,13557.7
llama-128-ip,hnsw-hnswlib,FALSE,40,5.20%,10765.6
llama-128-ip,hnsw-hnswlib,FALSE,50,6.00%,8666.8
llama-128-ip,hnsw-hnswlib,FALSE,60,6.60%,7604.3
llama-128-ip,hnsw-hnswlib,FALSE,80,7.90%,5962.5
llama-128-ip,hnsw-hnswlib,FALSE,100,8.90%,4993.2
llama-128-ip,hnsw-hnswlib,FALSE,150,10.70%,3689.0
llama-128-ip,hnsw-hnswlib,FALSE,200,12.00%,2984.9
llama-128-ip,hnsw-hnswlib,FALSE,300,14.00%,2181.1
llama-128-ip,hnsw-hnswlib,FALSE,400,15.60%,1755.1
llama-128-ip,hnsw-hnswlib,FALSE,500,16.90%,1472.0
llama-128-ip,hnsw-hnswlib,FALSE,600,17.90%,1243.2
llama-128-ip,hnsw-hnswlib,FALSE,800,19.50%,999.3
llama-128-ip,hnsw-hnswlib,FALSE,1000,21.10%,830.9
yi-128-ip,hnsw-hnswlib,TRUE,10,33.2%,16455.2
yi-128-ip,hnsw-hnswlib,TRUE,20,44.8%,9610.7
yi-128-ip,hnsw-hnswlib,TRUE,30,51.7%,6984.0
yi-128-ip,hnsw-hnswlib,TRUE,40,57.3%,5434.6
yi-128-ip,hnsw-hnswlib,TRUE,50,61.8%,4572.0
yi-128-ip,hnsw-hnswlib,TRUE,60,65.3%,3927.6
yi-128-ip,hnsw-hnswlib,TRUE,80,70.0%,3080.3
yi-128-ip,hnsw-hnswlib,TRUE,100,73.9%,2520.0
yi-128-ip,hnsw-hnswlib,TRUE,150,80.3%,1780.6
yi-128-ip,hnsw-hnswlib,TRUE,200,84.5%,1353.3
yi-128-ip,hnsw-hnswlib,TRUE,300,89.2%,961.5
yi-128-ip,hnsw-hnswlib,TRUE,400,91.7%,733.5
yi-128-ip,hnsw-hnswlib,TRUE,500,92.9%,598.9
yi-128-ip,hnsw-hnswlib,TRUE,600,94.1%,508.8
yi-128-ip,hnsw-hnswlib,TRUE,800,95.6%,387.6
yi-128-ip,hnsw-hnswlib,TRUE,1000,96.7%,319.6
llama-128-ip,hnsw-hnswlib,TRUE,10,23.6%,12068.1
llama-128-ip,hnsw-hnswlib,TRUE,20,34.0%,7014.1
llama-128-ip,hnsw-hnswlib,TRUE,30,41.5%,5124.1
llama-128-ip,hnsw-hnswlib,TRUE,40,47.9%,4024.6
llama-128-ip,hnsw-hnswlib,TRUE,50,52.7%,3430.7
llama-128-ip,hnsw-hnswlib,TRUE,60,56.7%,2912.5
llama-128-ip,hnsw-hnswlib,TRUE,80,62.1%,2254.7
llama-128-ip,hnsw-hnswlib,TRUE,100,66.3%,1859.6
llama-128-ip,hnsw-hnswlib,TRUE,150,74.0%,1279.0
llama-128-ip,hnsw-hnswlib,TRUE,200,79.1%,991.7
llama-128-ip,hnsw-hnswlib,TRUE,300,84.7%,687.8
llama-128-ip,hnsw-hnswlib,TRUE,400,88.6%,526.9
llama-128-ip,hnsw-hnswlib,TRUE,500,90.9%,435.6
llama-128-ip,hnsw-hnswlib,TRUE,600,92.4%,369.9
llama-128-ip,hnsw-hnswlib,TRUE,800,94.6%,284.8
llama-128-ip,hnsw-hnswlib,TRUE,1000,95.8%,233.0
yi-128-ip,flatnav,FALSE,10,7.90%,28106.1
yi-128-ip,flatnav,FALSE,20,12.60%,21058.0
yi-128-ip,flatnav,FALSE,30,15.30%,16862.5
yi-128-ip,flatnav,FALSE,40,17.40%,14457.7
yi-128-ip,flatnav,FALSE,50,19.20%,12111.2
yi-128-ip,flatnav,FALSE,60,20.80%,10844.4
yi-128-ip,flatnav,FALSE,80,23.40%,8970.6
yi-128-ip,flatnav,FALSE,100,25.00%,7786.7
yi-128-ip,flatnav,FALSE,150,27.80%,5670.7
yi-128-ip,flatnav,FALSE,200,29.50%,4672.8
yi-128-ip,flatnav,FALSE,300,32.10%,3331.3
yi-128-ip,flatnav,FALSE,400,33.60%,2547.8
yi-128-ip,flatnav,FALSE,500,34.90%,2142.6
yi-128-ip,flatnav,FALSE,600,35.70%,1756.0
yi-128-ip,flatnav,FALSE,800,37.10%,1387.7
yi-128-ip,flatnav,FALSE,1000,38.00%,1113.7
llama-128-ip,flatnav,FALSE,10,2.30%,32385.9
llama-128-ip,flatnav,FALSE,20,3.40%,25568.6
llama-128-ip,flatnav,FALSE,30,4.00%,20829.4
llama-128-ip,flatnav,FALSE,40,4.50%,17992.9
llama-128-ip,flatnav,FALSE,50,5.30%,15437.9
llama-128-ip,flatnav,FALSE,60,5.70%,14004.0
llama-128-ip,flatnav,FALSE,80,6.50%,11251.0
llama-128-ip,flatnav,FALSE,100,7.20%,9689.3
llama-128-ip,flatnav,FALSE,150,8.50%,7143.4
llama-128-ip,flatnav,FALSE,200,9.50%,5733.6
llama-128-ip,flatnav,FALSE,300,11.20%,3937.9
llama-128-ip,flatnav,FALSE,400,12.60%,3205.3
llama-128-ip,flatnav,FALSE,500,13.90%,2677.4
llama-128-ip,flatnav,FALSE,600,15.20%,2246.9
llama-128-ip,flatnav,FALSE,800,17.00%,1718.3
llama-128-ip,flatnav,FALSE,1000,18.50%,1419.8
yi-128-ip,flatnav,TRUE,10,26.3%,16456.2
yi-128-ip,flatnav,TRUE,20,38.4%,10240.4
yi-128-ip,flatnav,TRUE,30,46.4%,8273.4
yi-128-ip,flatnav,TRUE,40,52.5%,6956.1
yi-128-ip,flatnav,TRUE,50,56.6%,5906.4
yi-128-ip,flatnav,TRUE,60,60.5%,5173.4
yi-128-ip,flatnav,TRUE,80,66.7%,4164.6
yi-128-ip,flatnav,TRUE,100,70.9%,3488.9
yi-128-ip,flatnav,TRUE,150,78.5%,2507.2
yi-128-ip,flatnav,TRUE,200,82.5%,1998.8
yi-128-ip,flatnav,TRUE,300,87.8%,1400.5
yi-128-ip,flatnav,TRUE,400,90.8%,1074.6
yi-128-ip,flatnav,TRUE,500,92.4%,873.3
yi-128-ip,flatnav,TRUE,600,93.7%,742.8
yi-128-ip,flatnav,TRUE,800,95.4%,569.7
yi-128-ip,flatnav,TRUE,1000,96.5%,461.9
llama-128-ip,flatnav,TRUE,10,20.8%,15407.3
llama-128-ip,flatnav,TRUE,20,32.0%,9953.6
llama-128-ip,flatnav,TRUE,30,39.1%,7067.4
llama-128-ip,flatnav,TRUE,40,46.0%,6025.9
llama-128-ip,flatnav,TRUE,50,50.2%,5040.1
llama-128-ip,flatnav,TRUE,60,53.9%,4408.1
llama-128-ip,flatnav,TRUE,80,59.9%,3544.3
llama-128-ip,flatnav,TRUE,100,64.6%,2878.7
llama-128-ip,flatnav,TRUE,150,72.6%,2026.2
llama-128-ip,flatnav,TRUE,200,77.7%,1552.2
llama-128-ip,flatnav,TRUE,300,83.7%,1068.4
llama-128-ip,flatnav,TRUE,400,87.8%,804.0
llama-128-ip,flatnav,TRUE,500,90.1%,665.7
llama-128-ip,flatnav,TRUE,600,91.9%,564.8
llama-128-ip,flatnav,TRUE,800,94.3%,430.6
llama-128-ip,flatnav,TRUE,1000,95.5%,348.8
yi-128-ip,nsg-faiss,FALSE,10,2.60%,56922.1
yi-128-ip,nsg-faiss,FALSE,20,5.30%,27849.1
yi-128-ip,nsg-faiss,FALSE,30,7.60%,20415.3
yi-128-ip,nsg-faiss,FALSE,40,9.30%,16189.4
yi-128-ip,nsg-faiss,FALSE,50,10.50%,12693.7
yi-128-ip,nsg-faiss,FALSE,60,13.80%,10893.0
yi-128-ip,nsg-faiss,FALSE,80,15.60%,9280.9
yi-128-ip,nsg-faiss,FALSE,100,17.20%,7450.2
yi-128-ip,nsg-faiss,FALSE,150,22.50%,5388.2
yi-128-ip,nsg-faiss,FALSE,200,24.60%,4274.3
yi-128-ip,nsg-faiss,FALSE,300,27.90%,2867.0
yi-128-ip,nsg-faiss,FALSE,400,31.60%,2154.1
yi-128-ip,nsg-faiss,FALSE,500,33.60%,1681.8
yi-128-ip,nsg-faiss,FALSE,600,35.50%,1363.8
yi-128-ip,nsg-faiss,FALSE,800,38.70%,960.4
yi-128-ip,nsg-faiss,FALSE,1000,40.80%,729.0
llama-128-ip,nsg-faiss,FALSE,10,3.00%,36250.0
llama-128-ip,nsg-faiss,FALSE,20,4.10%,21500.4
llama-128-ip,nsg-faiss,FALSE,30,5.30%,16044.6
llama-128-ip,nsg-faiss,FALSE,40,6.50%,12623.4
llama-128-ip,nsg-faiss,FALSE,50,7.20%,10575.5
llama-128-ip,nsg-faiss,FALSE,60,7.80%,9081.5
llama-128-ip,nsg-faiss,FALSE,80,9.00%,7211.9
llama-128-ip,nsg-faiss,FALSE,100,9.90%,5880.4
llama-128-ip,nsg-faiss,FALSE,150,12.00%,3898.1
llama-128-ip,nsg-faiss,FALSE,200,14.30%,3218.9
llama-128-ip,nsg-faiss,FALSE,300,16.70%,2170.9
llama-128-ip,nsg-faiss,FALSE,400,19.00%,1597.5
llama-128-ip,nsg-faiss,FALSE,500,20.90%,1264.7
llama-128-ip,nsg-faiss,FALSE,600,22.60%,1023.7
llama-128-ip,nsg-faiss,FALSE,800,25.90%,717.1
llama-128-ip,nsg-faiss,FALSE,1000,28.70%,543.9
yi-128-ip,nsg-faiss,TRUE,10,11.2%,15568.4
yi-128-ip,nsg-faiss,TRUE,20,21.0%,10135.7
yi-128-ip,nsg-faiss,TRUE,30,27.3%,7731.7
yi-128-ip,nsg-faiss,TRUE,40,35.1%,6717.5
yi-128-ip,nsg-faiss,TRUE,50,39.7%,6053.8
yi-128-ip,nsg-faiss,TRUE,60,44.1%,5363.8
yi-128-ip,nsg-faiss,TRUE,80,46.8%,4491.3
yi-128-ip,nsg-faiss,TRUE,100,49.5%,3702.4
yi-128-ip,nsg-faiss,TRUE,150,65.4%,2975.7
yi-128-ip,nsg-faiss,TRUE,200,69.5%,2308.0
yi-128-ip,nsg-faiss,TRUE,300,76.8%,1524.4
yi-128-ip,nsg-faiss,TRUE,400,80.3%,1144.4
yi-128-ip,nsg-faiss,TRUE,500,84.4%,894.3
yi-128-ip,nsg-faiss,TRUE,600,87.9%,733.4
yi-128-ip,nsg-faiss,TRUE,800,91.3%,532.9
yi-128-ip,nsg-faiss,TRUE,1000,93.1%,399.7
llama-128-ip,nsg-faiss,TRUE,10,25.0%,14281.9
llama-128-ip,nsg-faiss,TRUE,20,38.2%,8625.3
llama-128-ip,nsg-faiss,TRUE,30,45.8%,6431.0
llama-128-ip,nsg-faiss,TRUE,40,51.1%,5252.0
llama-128-ip,nsg-faiss,TRUE,50,55.5%,4282.1
llama-128-ip,nsg-faiss,TRUE,60,59.5%,3685.6
llama-128-ip,nsg-faiss,TRUE,80,65.5%,3010.9
llama-128-ip,nsg-faiss,TRUE,100,70.3%,2469.9
llama-128-ip,nsg-faiss,TRUE,150,76.8%,1679.2
llama-128-ip,nsg-faiss,TRUE,200,79.3%,1466.7
llama-128-ip,nsg-faiss,TRUE,300,86.5%,948.0
llama-128-ip,nsg-faiss,TRUE,400,90.6%,687.0
llama-128-ip,nsg-faiss,TRUE,500,92.8%,543.6
llama-128-ip,nsg-faiss,TRUE,600,94.5%,444.2
llama-128-ip,nsg-faiss,TRUE,800,96.2%,322.3
llama-128-ip,nsg-faiss,TRUE,1000,97.2%,250.9
yi-128-ip,roargraph,FALSE,10,6.4%,37168.7
yi-128-ip,roargraph,FALSE,20,9.0%,20200.3
yi-128-ip,roargraph,FALSE,30,11.2%,14922.4
yi-128-ip,roargraph,FALSE,40,12.9%,12763.1
yi-128-ip,roargraph,FALSE,50,14.4%,10741.5
yi-128-ip,roargraph,FALSE,60,15.6%,9346.2
yi-128-ip,roargraph,FALSE,80,17.5%,7525.7
yi-128-ip,roargraph,FALSE,100,19.1%,6465.4
yi-128-ip,roargraph,FALSE,150,22.2%,4560.3
yi-128-ip,roargraph,FALSE,200,24.3%,3436.6
yi-128-ip,roargraph,FALSE,300,27.5%,2452.8
yi-128-ip,roargraph,FALSE,400,30.0%,1877.9
yi-128-ip,roargraph,FALSE,500,31.7%,1428.1
yi-128-ip,roargraph,FALSE,600,32.9%,1211.2
yi-128-ip,roargraph,FALSE,800,35.1%,874.8
yi-128-ip,roargraph,FALSE,1000,36.8%,696.8
llama-128-ip,roargraph,FALSE,10,8.4%,26710.5
llama-128-ip,roargraph,FALSE,20,11.1%,17442.7
llama-128-ip,roargraph,FALSE,30,13.5%,13699.2
llama-128-ip,roargraph,FALSE,40,15.1%,11111.0
llama-128-ip,roargraph,FALSE,50,16.2%,9604.8
llama-128-ip,roargraph,FALSE,60,17.1%,8616.0
llama-128-ip,roargraph,FALSE,80,18.7%,6983.8
llama-128-ip,roargraph,FALSE,100,19.8%,5978.1
llama-128-ip,roargraph,FALSE,150,21.9%,4291.3
llama-128-ip,roargraph,FALSE,200,23.6%,3450.3
llama-128-ip,roargraph,FALSE,300,25.7%,2440.0
llama-128-ip,roargraph,FALSE,400,27.2%,1892.2
llama-128-ip,roargraph,FALSE,500,28.3%,1469.9
llama-128-ip,roargraph,FALSE,600,29.4%,1252.7
llama-128-ip,roargraph,FALSE,800,30.7%,920.7
llama-128-ip,roargraph,FALSE,1000,31.7%,727.0
yi-128-ip,roargraph,TRUE,10,6.8%,13618.1
yi-128-ip,roargraph,TRUE,20,12.4%,8034.9
yi-128-ip,roargraph,TRUE,30,16.5%,5964.5
yi-128-ip,roargraph,TRUE,40,19.9%,4932.0
yi-128-ip,roargraph,TRUE,50,22.6%,4209.2
yi-128-ip,roargraph,TRUE,60,24.9%,3701.8
yi-128-ip,roargraph,TRUE,80,29.0%,2973.8
yi-128-ip,roargraph,TRUE,100,31.8%,2470.3
yi-128-ip,roargraph,TRUE,150,37.6%,1830.2
yi-128-ip,roargraph,TRUE,200,42.0%,1479.7
yi-128-ip,roargraph,TRUE,300,47.9%,1050.8
yi-128-ip,roargraph,TRUE,400,52.9%,817.1
yi-128-ip,roargraph,TRUE,500,55.5%,678.1
yi-128-ip,roargraph,TRUE,600,57.8%,572.5
yi-128-ip,roargraph,TRUE,800,62.0%,436.1
yi-128-ip,roargraph,TRUE,1000,64.5%,348.9
llama-128-ip,roargraph,TRUE,10,15.2%,12824.7
llama-128-ip,roargraph,TRUE,20,24.1%,6549.7
llama-128-ip,roargraph,TRUE,30,29.4%,5732.9
llama-128-ip,roargraph,TRUE,40,33.6%,4656.7
llama-128-ip,roargraph,TRUE,50,37.0%,3927.3
llama-128-ip,roargraph,TRUE,60,40.1%,3405.8
llama-128-ip,roargraph,TRUE,80,44.2%,2713.3
llama-128-ip,roargraph,TRUE,100,47.6%,2264.3
llama-128-ip,roargraph,TRUE,150,53.3%,1575.3
llama-128-ip,roargraph,TRUE,200,57.6%,1226.3
llama-128-ip,roargraph,TRUE,300,62.9%,852.4
llama-128-ip,roargraph,TRUE,400,66.2%,653.8
llama-128-ip,roargraph,TRUE,500,68.7%,524.1
llama-128-ip,roargraph,TRUE,600,70.3%,441.9
llama-128-ip,roargraph,TRUE,800,72.7%,333.2
llama-128-ip,roargraph,TRUE,1000,74.4%,264.9
